Group,count
Motivation,14
Syntax,13
Class Patterns,11
Patterns,10
Key Feature,7
Sequence Patterns,6
Pattern Design,5
Literal Patterns,4
Mapping Patterns,4
Developer Guidance,4
Outcome,4
Implementation Flexibility,3
Match/Case Syntax,2
Implementation Behavior,2
Alternative Approaches,2
OR Patterns,2
Wildcard Patterns,2
Match Statement Execution,2
Pattern Grammar,2
Subpattern Evaluation,1
Pattern Matching Process,1
Matching Process Behavior,1
Pattern Classification,1
Guard Behavior,1
Keyword Handling,1
Match Statement,1
AS Patterns,1
Guards,1
Value Patterns,1
